Tweet,Positive,Negative,Neutral,Compound,Sentiment
absah omnibus law cipta kerja mari percaya uji rmol id read,0.0,0.0,1.0,0.0,Negativ
adil lbh bang japar buka crisis center yg hilang keluarga mbutuhkan bantu hukum advokasi pasca unjuk sampai dapat kait kesah omnibuslaw uu cipta kerja wilayah jakarta lbh bang japar advokasi,0.0,0.124,0.876,-0.6249,Negativ
agus dalih perintah omnibus law cipta kerja mangkas regulasi benar lantar atur turun banyak atur jihadpmiimenyala,0.0,0.0,1.0,0.0,Negativ
agus takut gelar aksi pandemi covid buat perintah dpr simpang atur diam bahas kesah omnibus law cipta kerja jihadpmiimenyala,0.0,0.0,1.0,0.0,Negativ
aksi balikpapan gerak tolak omnibuslaw turun kuat lipat ganda tolak uu cipta kerjakami tolak judicial review cabutuuciptakerja lmndbergerak cc,0.0,0.0,1.0,0.0,Negativ
aksi gedung dpr ri jakarta buruh klas kerja tolak uu omnibus law cipta kerja uu yg miskin anak anak bangsa indonesia tolakomnibuslaw stoppenetapanperaturanperunfangundangan,0.0,0.0,1.0,0.0,Negativ
aksi gera mosi percaya tolak omnibus law cipta kerja november lokasi jakarta mositidakpercaya cabutomnibuslaw reformasidikorupsi,0.0,0.0,1.0,0.0,Negativ
aksi nasional partai buruh hak asasi manusia dunia tolak uu kuhp cabut omnibus law uu cipta kerja land reform-reforma agraria kedaulautan pangan sahkan ruu pprt tolak upah murah tolak outsourcing juang jamin sosial berantas korupsi usut tuntas ham,0.073,0.0,0.927,0.4404,Positif
aksi tolak suara batal ruu omnibus law cipta kerja daerah jihadpmiimenyala,0.0,0.0,1.0,0.0,Negativ
aksi unjuk tolak undang cipta kerja omnibus law ricuh gedung dprd cianjur jalan kh abdu bin nuh kamis wib infocianjur omnibuslaw,0.0,0.0,1.0,0.0,Negativ
aksi virtual buruh kab serang kait cabut uu omnibuslaw cipta kerja bayar thr full buruhkabserang demiasingluparakyat cabutomnibuslaw,0.0,0.0,1.0,0.0,Negativ
aktivis gelar aksi gedung dpr jakarta juli aksi gera bersihkanindonesia tolak omnibus law ruu cipta kerja,0.0,0.0,1.0,0.0,Negativ
alam dr uu kpk omnibus law cipta kerja otsus papua yg takut sih,0.0,0.0,1.0,0.0,Negativ
alhamdulillah anggota dprd jabat kab pinrangsulsel tolak omnibus law uu cipta kerja tolakuuciptakerja tolakomnibuslaw mositidakpercaya omnibuslawuucilaka,0.0,0.0,1.0,0.0,Negativ
alhamdulillah dampak positif uu omnibus law cipta kerja orang baca ayo baca,0.0,0.0,1.0,0.0,Negativ
alhamdulillah gub jawa barat tolak ruu cipta kerja omnibus law,0.0,0.0,1.0,0.0,Negativ
aman aksi unjuk kasbi jateng halaman kantor gub jateng dgn tuntut tolak omnibus law cipta kerja rkuhp yg ikut orang jatenggayeng,0.0,0.0,1.0,0.0,Negativ
aman unras omnibus law uu cipta kerja,0.0,0.0,1.0,0.0,Negativ
anggota badan legislasi baleg dpr firman soebagyo uu omnibus law cipta kerja solusi hadap sulit ekonomi global akibat pandemik covid omnibuslawuntukumkm omnibuslawsolusi omnibuslawuntukrakyat,0.0,0.0,1.0,0.0,Negativ
anjayani goblog omnibus law ruu cipta kerja siksa buruh youtu be yrgvxcota,0.0,0.0,1.0,0.0,Negativ
apa niat upaya perintah naik taraf hidup kerja omnibuslaw cipta kerja ujung banding untung ya usaha yg untung kodrat bijak milik dualisme impact,0.0,0.0,1.0,0.0,Negativ
apakh gelintir copas yg copaskalok berat kalean joss kyk demo tolak uud cipta kerja tpi yg tolak mlh omnibus law,0.0,0.0,1.0,0.0,Negativ
atur omnibus law cipta kerja atur perintah keras luas lapang kerja masyarakat indonesia barisanprokerja pengangguranakanterserap economy okezone com read,0.0,0.0,1.0,0.0,Negativ
ayo aksi lapang aksi virtual batal omnibus law uu cipta kerja batalkanuuciptakerja batalkanomnibuslaw,0.0,0.0,1.0,0.0,Negativ
baca undang cipta kerja banding undang sektor pasal hapus pasal tambah plus dengar pandang ahli omnibuslaw,0.0,0.0,1.0,0.0,Negativ
back up pribadi dplk asuransi sehat kursus coba bisnis side job kalo omnibus law ruu cipta kerja sah,0.0,0.0,1.0,0.0,Negativ
bahas yg rame sikap omnibus law uu cipta kerja halaman fokus bab iv ketenagakerjaan ya lu ga baca full sampe paham cuman sampe nembak ga amunisi,0.0,0.0,1.0,0.0,Negativ
balik puji u u cipta kerja gatot esuk kedele sore tempe lantar demo anarkis gagal tokoh mencla-mencle youtube com watch v dmasf gatotnurmantyo rudikamri andrevincentwenas omnibuslaw ciptakerja jaga indonesia,0.0,0.091,0.909,-0.3612,Negativ
bank dunia dukung perintah joko widodo jokowi dpr ri uu omnibus law cipta kerja ciptaker nyata tulis jumat bank dunia nilai uu sapu jagat m cnnindonesia com ekonomi,0.0,0.0,1.0,0.0,Negativ
bank dunia puji uu omnibus law amat hmmm tuk penting nyata bank dunia sebut uu omnibus law cipta kerja dukung pulih ekonomi tumbuh jangka tangguh indonesia jumat,0.0,0.0,1.0,0.0,Negativ
bantu paket internet utk mahasiswa realisasi mahasiswa bedah dokumen final omnibus law cipta kerja nonton video singkat jelas,0.0,0.0,1.0,0.0,Negativ
banyak hoax edar media sosial uu omnibuslaw cipta kerja sah dpr akun medsos lembaga resmi perintah klarifikasi keri hoax tangan,0.0,0.189,0.811,-0.4939,Negativ
barusan senior yg anak kuliah trisakti curhat kalo anak abis uang demo omnibus law ruu cipta kerja doa,0.0,0.163,0.837,-0.5106,Negativ
batal omnibus law cipta kerja gak ya golput aja pilkada,0.0,0.0,1.0,0.0,Negativ
be smart netizen edar berita isi uu cipta kerja omnibus law berita hoax imbau masyarakat mudah percaya berita sumber berita,0.118,0.092,0.789,0.1531,Positif
bebas kawan ijul massa aksi omnibuslaw cipta kerja makassar bebaskanijul mositidakpercata tandatangani petisi chng it kdlbmvjb,0.0,0.0,1.0,0.0,Negativ
beda halaman guys draf versi baleg oktober tolong diupload naskah resmi selesai draf uu cipta kerja halaman antar istana idntimes com news indonesia omnibuslaw,0.0,0.0,1.0,0.0,Negativ
berita direktorat tindak pidana siber bareskrim polri tangkap perempuan makassar sulawesi selatan sulsel perempuan inisial ve tetap sangka kait sebar berita bohong hoax omnibus law uu cipta kerja,0.0,0.072,0.928,-0.2732,Negativ
bicara buruh kerja malas ogah demo gaji persentase naik masuk akal satu harap upah buruh indonesia saing negara ruu omnibus law cipta kerja,0.0,0.0,1.0,0.0,Negativ
bikin sakit coba kl kesah ruu omnibus law tunda gk cerita pandemi ruu cipta kerja sah cm picu demo buruh jd klaster tular covid,0.0,0.0,1.0,0.0,Negativ
bilang sapu jagat uu cipta kerja urus tenaga kerja klaster undang yg ubah baca bab tani pangan kebun hutan peduli omnibuslaw,0.0,0.0,1.0,0.0,Negativ
bingung omnibus law bgt kabar kota orang demo btw demo gin ngga kayak si corona mukbang perintah mikir ngga ya dampak ngesahin uu cipta kerja pandemi gin bikin demo,0.0,0.0,1.0,0.0,Negativ
bohong ama dpr turun uu omnibus law cipta kerja yg tau rawan isi ubah,0.0,0.0,1.0,0.0,Negativ
bukti organisasi buruh ikut giat mogok nasional gelar oktober kait isu omnibus law ruu cipta kerja,0.0,0.0,1.0,0.0,Negativ
buruh banten lawan upah murah tuntut revisi umk laku upah sektoral cabut omnibus law cipta kerja inkonstitusional mogokdaerah indonenesiadaruratupah,0.0,0.0,1.0,0.0,Negativ
buruh jawa barat turun aksi tolak naik bbm tuntut cabut omnibus law cipta kerja,0.0,0.0,1.0,0.0,Negativ
buruh mogok kerja respons sah uu omnibus law cipta kerja medan indonesia instagram com p cgaczathir,0.0,0.0,1.0,0.0,Negativ
buruh rakyat gerak cabut omnibus law batal uu cipta kerja cabutomnibuslaw batalkanuuciptakerja,0.0,0.0,1.0,0.0,Negativ
buruhsaya pilih anies baswedanjangan jual nama buruh indonesia jilat uu cipta kerja omnibuslaw dukung capres yg mndukung uu cipta kerja omnibuslaw sma hal mnjilatprcuma kmi trun jlan sdangkan kpala ats brbalik arahtetap anies,0.0,0.0,1.0,0.0,Negativ
butir butir berat kerja buruh jelas ruu cipta kerja ruuciptakerja ruuomnibuslaw omnibuslaw,0.0,0.0,1.0,0.0,Negativ
cabut omnibuslaw batal uu cipta kerja penuh hak buruh,0.266,0.0,0.734,0.4404,Positif
cacat omnibus law kait lingkung cipta kerja sisi condong kawal cabutomnibuslaw,0.0,0.0,1.0,0.0,Negativ
cipayung plus instruksi aksi serentak indonesia tolak uu omnibus law cipta kerja tolakomnisbuslawdpr tolakomnibuslaw tolakpengkhianat tolakruuciptakerja tolakruuiblisomnibuslaw mositidakdipercaya omnibuslawsampah omnibuslawrugikanrakyat dagelanalarezim,0.0,0.0,1.0,0.0,Negativ
ciputat okt aksi mahasiswa tolak uu cipta kerja omnibus law dukung juang buruh tani nelayan rakyat miskin kota gagal atur tindas rakyat mositidakpercaya tolakomnisbuslaw batalkanomnibuslaw dprrikhianatirakyat,0.0,0.0,1.0,0.0,Negativ
coba download baca dg seksama bab iv ruu cipta kerja tulis yg nama jamin sehat sangon upah minimum jatah cuti dll inti gantung janji kerja dg usaha tp baca berita yg ngk yg bener yg omnibuslaw,0.0,0.0,1.0,0.0,Negativ
coba tlg pasal brp yg berat sdh baca blm pdf ruu cipta kerja an halaman arah utk jatohin pakde bakar isu omnibus law bikin ricuh then pakde disalahin,0.0,0.0,1.0,0.0,Negativ
counter hukum hoax omnibus law ruu cipta kerja trenopini com counte sosial media edar narasi tulis nama tulis delegitimasi kritik publik uu omnibus law cipta kerja barus sa,0.0,0.072,0.928,-0.2732,Negativ
counter narasi jgn dikit asing basi bro aja ente bilang kuat alien aksi demonstrasi tolak omnibus law uu cipta kerja,0.0,0.0,1.0,0.0,Negativ
cuti hamil uu pasal buruh perempuan hak dpt istirahat bln n lahir n lahir pd omnibus law cipta lapang kerja gaada yg atur cuti hamil utk buruh perempuan hapus atur yg cantum dlm uu,0.086,0.0,0.914,0.4404,Positif
daftar serial diskusi omnibus law cipta kerja sesi buka rabu oktober sesi wib sesi wib live via zoom youtube unpar official link daftar bit ly registrasidisp,0.126,0.0,0.874,0.5574,Positif
dampak laku omnibus law uu budak cipta kerja lihat video jiwa tenang tiktok vt tiktok com zsljfmfpo,0.0,0.0,1.0,0.0,Negativ
damping serta aksi tolak omnibus law uu cipta kerja orang laki perempuan lpbhnu banyuwangi,0.0,0.0,1.0,0.0,Negativ
dar kemarin jagad indonesia penuh bahas omnibus law cipta kerja sosialisasi paham sepenuh yg edar potong pasal atur yg agam,0.0,0.0,1.0,0.0,Negativ
demo bodoh demo bela jahat demo bodoh uu cipta kerja omnibuslaw lihat draff yg asli yg hoax yg kirim ama partai gurem fpi lihat draf yg asli yg depnaker,0.0,0.07,0.93,-0.2732,Negativ
demo demo omnibus law nggak sdh tugas mahasiswa buruh pd demo laku uu cipta kerja or omnibus law demo deer feeding with papaya n sweet poteto ketela rambat murni demo gak yg tunggang,0.088,0.0,0.912,0.4588,Positif
demo mahasiswa buruh tolak omnibus law uu cipta kerja istana merdeka anarkis rusa gedung kantor mobil bakar halte busway fasilitas publik stay safe,0.116,0.0,0.884,0.4404,Positif
demo omnibus law cipta kerja sarbumusi kab pasuruan kumandang yalal wathan,0.0,0.0,1.0,0.0,Negativ
demokratis negara pretel wenang kpk berantas korupsi revisi undang kembali sentralisasi omnibus law uu cipta kerja tahan watak otoritarianisme kuhp legislasi,0.0,0.0,1.0,0.0,Negativ
dengar jelas presiden uu cipta kerja omnibus law sore istana bogor lantas yg gagal paham lagak dungu pura tdk paham tutup mata tutup telinga,0.0,0.098,0.902,-0.3612,Negativ
dewan hormat masyarakat tolak omnibus law uu cipta kerja terang an hapus sila ke pancasila,0.0,0.0,1.0,0.0,Negativ
diskusi sehat ttg omnibus law dgn loyalis jokowi kawan yg kontra uu cipta kerja lmnd moderator yg pro uu cabut jegalsampaibatal,0.0,0.0,1.0,0.0,Negativ
dosen fakultas ilmu sosial ilmu politik fisip universitas wijaya kusuma surabaya umar sholahudin janji nilai a mahasiswa demo tolak uu cipta kerja omnibus law sensasi dosen news detik com berita-jawa-ti,0.0,0.0,1.0,0.0,Negativ
dpr ri salah jd omnibus law uu buat susah orang ya om istri jd pac pdip pdk kelapa wkt pilleg suksesin sondang tiur tampubolon msk dpr ri point yg uu cipta kerja tindas yg,0.0,0.0,1.0,0.0,Negativ
dpr yg kesah omnibus law uu cipta kerja udah mati,0.0,0.0,1.0,0.0,Negativ
draft uu omnibus law cipta kerja pusing krn draft sah isi draft ubah yg rugi mudah kuasa hati nurani utk rakyat nya bangsatbangsa,0.0,0.0,1.0,0.0,Negativ
dukacita bang tinggal ayahanda cinta moga almarhum indah surga sungguh berat juang mu bang juang berat pimpin aksi juta buruh hapus uu omnibuslaw cipta lapang kerja,0.0,0.0,1.0,0.0,Negativ
dukung dunia internasional juang buruh kerja indonesia tolak omnibuslaw cipta kerja indonesia kspi kspsi serikatpekerja serikatburuh buruh kerja globalunion mogoknasional tolakomnibuslaw tolakphkmassal,0.0,0.0,1.0,0.0,Negativ
dukung omnibus law cipta kerja,0.0,0.0,1.0,0.0,Negativ
dukung uu cipta kerja omnibuslaw,0.0,0.0,1.0,0.0,Negativ
edar hoax omnibus law uu cipta kerja skuy cekidot satu,0.0,0.189,0.811,-0.2732,Negativ
fatwa mui uu cipta kerja omnibus law tolakomnibuslaw fatwamui,0.0,0.0,1.0,0.0,Negativ
fgd pusat kaji analisis data oligarki uu omnibus law cipta kerja masif bahas uu omnibus law cipta kerja kontroversi tolak sudah gelitik uak ungkap duga oligarki balik mari ikut,0.0,0.0,1.0,0.0,Negativ
finance detik com berita-ekonomi perintah harap pihak rat uu omnibus law cipta kerja tempuh jalur hukum,0.0,0.0,1.0,0.0,Negativ
firman masyarakat tolak uu cipta kerja utuh omnibus law langkah perintah uu cipta kerja omnibuslawuntukrakyat omnibuslawuntukumkm omnibuslawsolusi,0.0,0.0,1.0,0.0,Negativ
full link on youtube nurkha entertainment losss ruu cipta kerja omnibuslaw ruuciptakerja,0.203,0.0,0.797,0.4215,Positif
ga heran klu nasib buruh seok th akar rumput buruh teriak tolak omnibus law cipta kerja panas teriak ehhh yg elit nya adem aja disuapin rezim dukung terbit uu cipta kerja ga heran klu uu cipta kerja lolos sah,0.0,0.0,1.0,0.0,Negativ
gak butuh uu cipta kerja omnibus law sih ngelindungin ya poin positif uu ya lantas pro poin ya ra mashook,0.0,0.0,1.0,0.0,Negativ
gak ken bahas omnibuslaw cipta kerja seniooor,0.0,0.0,1.0,0.0,Negativ
gaskeun bro omnibus law ruu cipta kerja siksa buruh youtu be yrgvxcota,0.0,0.0,1.0,0.0,Negativ
gawat uu ppp sdg revisi sebentar lg selesai dmn revisi utk mengakomodir omnibus law jalan lancar bs baik uu cipta kerja luncur hambat respon youtu be pw-klda vjk,0.0,0.0,1.0,0.0,Negativ
gelombang demonstrasi tolak uu cipta kerja uu omnibus law serba-serbi mmc gelombang tolak kesah omnibus law cipta kerja panas agam unggah kait ramai media sosial,0.0,0.0,1.0,0.0,Negativ
gelora lawan undang sapu jagat omnibus law cipta kerja omnibuslawuupenjajahan cabutomnibuslaw jegalsampaigagal reformasidikorupsi mositidakpercaya,0.0,0.0,1.0,0.0,Negativ
gema adil jawa selenggara diskusi uu omnibus law cipta kerja rakyat merana join zoom meeting meeting id passcode undang pemuda-pemudi akademisi laku umkm gera aktivis ubah mahasiswa buruh tani,0.073,0.0,0.927,0.296,Positif
giat aman jajar personil polres pandeglang aman aksi unjuk aliansi cipayung plus pandeglang grand issue tolak omnibus law uu cipta kerja tempat kantor dprd kab pandeglang tugu jam,0.1,0.0,0.9,0.4588,Positif
gorontalo-dewan wakil daerah dpd ri hasil keluar undang lebur undang cipta kerja omnibus law hasil ketua dpd ri aa lanyalla mahmud mattalitti fgd iain sultan ama,0.0,0.0,1.0,0.0,Negativ
gua bikin infografis milestone ruu omnibus law cipta kerja persetan isi proses buat aja janggal banget anjing,0.0,0.0,1.0,0.0,Negativ
h t ibrahim st mm ketua dpra fraksi partai demokrat aceh dkk sambut ratus demo tolak omnibus law cipta kerja sah dpr perintah mahasiswabergerak tolakuuciptakerja tolakomnibuslaw demokrattolakomnibuslaw,0.0,0.0,1.0,0.0,Negativ
habis debat ayah omnibus law cipta tenaga kerja beliau orang alam ngebuat gua luas pikir nih bahan tirto id daftar-pasal-b,0.0,0.0,1.0,0.0,Negativ
hadir omnibus law undang undang cipta kerja perintah sederhana mudah regulasi uuciptakerja dukunguuciptaker ciptakersejahterakanrakyat ciptakermembangunindonesia,0.0,0.0,1.0,0.0,Negativ
hadir omnibus law uu cipta kerja perintah sederhana mudah regulasi uuciptakerja dukunguuciptaker ciptakersejahterakanrakyat ciptakermembangunindonesia,0.0,0.0,1.0,0.0,Negativ
hai kabar mahasiswa yg demo tolak uu cipta kerja omnibuslaw sehat papar covid alhamdulillah kalo sehat dgn kait covid covid corona uuciptakerja,0.0,0.0,1.0,0.0,Negativ
hak dasar buruh kerja penuh kuasa usaha amanat uu ketenagakerjaan blm maksimal jalan buruh kerja hadap omnibuslaw uu cipta kerja tolakomnibuslaw tolakupahmurah,0.121,0.0,0.879,0.4404,Positif
halo sobatrbpn fakta omnibus law uu cipta kerja sobat tahu ya yuk simak video lengkap nya link instagram com tv cgrgabahe- atrbpnkinilebihbaik atrbpnmajudanmodern melayaniprofesionalterpercaya uuciptakerja,0.0,0.0,1.0,0.0,Negativ
halo uu cipta kerja halo omnibus law,0.0,0.0,1.0,0.0,Negativ
hasil putus dpr presiden urus dintervensi ma konstitusi acakadut uu omnibus law cipta kerja putus mk perpu pn batal milu hukum alat kuasa adil,0.0,0.0,1.0,0.0,Negativ
hati hoax ruu cipta kerja omnibuslaw infocianjur com hati-hati--h infocianjur,0.0,0.189,0.811,-0.2732,Negativ
hayo dikit oligarki nih teliti uu cipta kerja omnibus law bentuk lawan oligarki rakyat mudah izin usaha nama lawan oligarki umkmmajukoperasikuat barisanprokerja,0.0,0.0,1.0,0.0,Negativ
henti tangkap bukti paksa damping acara bebas kawan ijul massa aksi omnibuslaw cipta kerja makassar bebaskanijul mositidakpercata tandatangani petisi chng it zyfmkdk via,0.0,0.0,1.0,0.0,Negativ
hianati sakit unjung kecewa nya omnibus law ruu cipta kerja sah dpr ri puncak khianat negara hak buruh tani masyarakat adat perempuan lingkung hidup generasi,0.108,0.0,0.892,0.4404,Positif
hidup mh jgn suka ambil pusing ari kmu mndingan oge ambil dreum aspal trus tinggangin kana sirah kanu ngaresahkeun ruu omnibus law cipta kerja curiga dewekmah jigana maranehna mah teuboga teuboga hati nurani teu ngaraskeun maha ripuhna buruh teh fungsi dpr,0.0,0.0,1.0,0.0,Negativ
hoax point undang cipta kerja omnibus law bijak media sosial,0.0,0.189,0.811,-0.2732,Negativ
hoax point undang cipta kerja omnibus law cek benar share informasi,0.165,0.158,0.677,0.0258,Negativ
hoax point undang cipta kerja omnibus law saring sharing,0.235,0.176,0.588,0.1779,Positif
hoaxomnibuslaw hati hoax omnibus law cipta kerja kompas tv article,0.0,0.189,0.811,-0.2732,Negativ
hotel fitra-majalengka-jawa barat siap halal bihalal konsolidasi gera buruh masif lawan tolak cabut omnibus law uu cipta kerja nomor thn,0.0,0.0,1.0,0.0,Negativ
hotman paris jamin omnibus law untung buruh puluh dunia hukum baca draf uu cipta kerja hotman paris untung buruh alasanny share babe news s nwyjzspqvr,0.087,0.0,0.913,0.296,Positif
indonesia heboh ubah omnibus law ruu cipta kerja kuasa jalan misi indonesia lawan covid dpr ri percaya rakyat luka hati rakyat mana ikrar janji kuasa,0.0,0.0,1.0,0.0,Negativ
indonesia kesah undang omnibus law cipta kerja dgn sederhana regulasi undang undang tuju cipta iklim usaha investasi yg kualitas laku usaha umkm,0.0,0.0,1.0,0.0,Negativ
indonesia kesah undang omnibus law cipta kerja sederhana regulasi besar undang undang,0.0,0.0,1.0,0.0,Negativ
indramayu tolak ruu omnibuslaw cipta kerja mositodakpercaya dewanpengkhianatrakyat jokowibiangomnibuslaw jokowikabur,0.0,0.0,1.0,0.0,Negativ
ingat otonomi daerah april suasana kebiri sistematis wenang daerah regulasi salah satu uu omnibus law cipta kerja susul uu hallooo tetangga belah,0.0,0.0,1.0,0.0,Negativ
investasi identik lapang kerja omnibuslaw uu cipta kerja,0.0,0.0,1.0,0.0,Negativ
jadwal aliansi organisasi buruh demonstrasi gedung mpr dpr ri tuntut cabut uu omnibus law cipta kerja mediacibubur cibubur,0.0,0.0,1.0,0.0,Negativ
jam wita aksi serta unras jilid ii kait omnibus law cipta kerja jl lambung mangkurat banjarmasin kantor dprd prov kalimantan selatan bubar banjarmasin instagram com p cgxykqd-s,0.0,0.0,1.0,0.0,Negativ
jarene rakyat rakyat rakyat laahh iki piyee to yo ngono ru cipta kerja seng sorot ki buruh dprrikhianatirakyat omnibuslaw dprgoblok jokowimundurlah,0.0,0.0,1.0,0.0,Negativ
jauh buruh ancam omnibus law sah aksi protes antero negeri uu cipta kerja laku bijak suram batalkanuuciptakerja,0.0,0.0,1.0,0.0,Negativ
jihadpmiimenyala ketua urus gera mahasiswa islam indonesia pb pmii agus mulyono herlambang kader pmii indonesia gelar aksi tolak undang omnibus law cipta kerja jihadpmiimenyala,0.0,0.0,1.0,0.0,Negativ
jokowi mk dukung omnibus law dpr kesah ruu mk yg untung hakim mk omnibus law cipta kerja inisiasi perintah dukung dpr percaya dgn statement silah jr mk,0.0,0.0,1.0,0.0,Negativ
jubir satgas tangan covid prof wiku adisasmito perintah rencana uu karantina dlm respons aksi unjuk tolak omnibus law cipta kerja aksi dorong kerumun potensi timbul klaster,0.0,0.0,1.0,0.0,Negativ
jurnalis alami keras liput demo tolak omnibus law cipta kerja sultranesia id -jurnal tahunjokowiamin tolakomnibuslaw tolakuuciptakerja,0.0,0.0,1.0,0.0,Negativ
kait dunia kau anggap milik omnibus law cipta kerja mana kompeten atur salah duga rekonstruksi puas janganbodohirakyat janganpulabodoh,0.0,0.0,1.0,0.0,Negativ
kait omnibuslaw mahasiswa baca rinci lurus ruu cipta kerja dukung kritik yg lemah tolak,0.0,0.0,1.0,0.0,Negativ
kait ramai bincang masyarakat kait uu cipta kerja beda uu ketenagakerjaan ruu omnibus law cipta kerja omnibuslaw uuciptakerja idxchannel com market-news fo,0.0,0.0,1.0,0.0,Negativ
kalingan yg penghianat fraksi yg dpr orang benny fraksi penghianatnya dukung omnibuslaw cipta kerja mahasiswa buruh masyarakat sadar yg penghianat percayajokowi,0.0,0.0,1.0,0.0,Negativ
kanit bimas polsek turi iptu hartono tempat pt padma citra amahilungguh rejodonokerto turi slemanmelaksanakan giat patroli sambang temu securty informasi karyawan ikut giat tolak kesah ruu cipta kerja omnibus law,0.0,0.0,1.0,0.0,Negativ
kawanlaut uu cipta kerja sah dpr oktober omnibus law dampak undang salah satu uu nomor layar lengkap instagram com p cmyzdnir,0.0,0.0,1.0,0.0,Negativ
kejam gimana cinta omnibuslaw cipta kerja,0.0,0.0,1.0,0.0,Negativ
kelompok dukung omnibus law istana dpr ri kelompok bisnis uu cipta kerja rakyat mosi percaya tani gugat batalkanomnibuslaw petanitolakomnibuslaw tolakomnibuslaw mositidakpercaya,0.0,0.0,1.0,0.0,Negativ
kembang riset inovasi indonesia rendah hadir uu cipta kerja atur ubah tentu uu paten harap dorong inovasi investasi tanah air uuciptakerja omnibuslaw hakpaten uupaten baharlawfirm,0.0,0.0,1.0,0.0,Negativ
kenang juang kritisi uu omnibus law cipta kerja kait jamin produk halal indonesia marissa haque ikang fawzi,0.0,0.0,1.0,0.0,Negativ
kepala daerah yg tolak omnibus law cipta kerja pahlawan jesianganbukanya dukung program perintah maklum,0.0,0.0,1.0,0.0,Negativ
kesah ruu cipta kerja uu tuai polemik jejak kelam uu cipta kerja kritisi tolak omnibus law cipta kerja instagram com p cnazrchen,0.0,0.0,1.0,0.0,Negativ
kesah ruu omnibus law cipta kerja dzalim,0.0,0.0,1.0,0.0,Negativ
kesah ruu omnibus law cipta kerja legitimasi negara berangus rakyat jihadpmiimenyala,0.0,0.0,1.0,0.0,Negativ
kesah undang omnibus law cipta kerja nilai cacat prosedur substansi bentuk anarkisme putus dpr perintah lahir anarkisme tindak demonstran ttd p n tidak ada asap kalau tidak ada api,0.0,0.0,1.0,0.0,Negativ
kesah uu cipta kerja harga ayam potong aja salah jokowi wkwkwk omnibuslaw,0.0,0.0,1.0,0.0,Negativ
kesah uu omnibus law cipta kerja nilai cacat prosedur substansi bentuk anarkisme hukum putus politik dpr perintah lahir anarkisme tindak sosial demonstran ttd p n tidak ada asap kalau tidak ada api,0.0,0.0,1.0,0.0,Negativ
kesah uu omnibus law cipta kerja nilai cacat prosedur substansi bentuk anarkisme putus dpr perintah lahir anarkisme tindak demonstran ttd p n tidak ada asap kalau tidak ada api,0.0,0.0,1.0,0.0,Negativ
klarifikasi jokowi omnibus law uu cipta kerja youtu be mgffkxeu via,0.0,0.0,1.0,0.0,Negativ
klu anies suruh pa fpi bahas omnibus lawcipta kerja kasih uang capek demo anies baswedan usul ajar demo tugas bahas omnibus law cipta kerja,0.0,0.0,1.0,0.0,Negativ
koment postingan benar isi omnibus law cipta kerja,0.0,0.0,1.0,0.0,Negativ
konsistensi juang mari upaya satu juang satu kerja bank buruh buruh sektor perban ancam uu omnibus law cipta kerja pekerjabankbergerak tolakomnibuslawciptakerja link registrasi susul,0.0,0.0,1.0,0.0,Negativ
kontribusi yg bangsa indonesia demo urus omnibus law demo bbm demo cipta kerja doang ga suara kesah ruu ampas aset koruptor bem ui mahasiswa jadi kayak,0.0,0.0,1.0,0.0,Negativ
kuat omnibus law cipta kerja,0.0,0.0,1.0,0.0,Negativ
laksana aman aksi unjuk rangka aman aksi tolak uu cipta kerja omnibuslaw kab serdang bedagai,0.0,0.0,1.0,0.0,Negativ
laku undang omnibus law cipta kerja ya pkwt terus hak uang kompensasi pkwt-nya,0.195,0.0,0.805,0.4404,Positif
landas hukum uu cipta kerja omnibus law,0.0,0.0,1.0,0.0,Negativ
lanjut aksi tolak uu cipta kerja aliansi bem se-lampung uuciptakerja omnibuslaw mositidakpercaya kantor dprd provinsi lampung instagram com p cgcbrirgapnz,0.0,0.0,1.0,0.0,Negativ
lantang tolak elemen masyarakat sipil omnibus law ruu cipta kerja resmi sah undang rapat paripurna dpr ri senin youtu be pltuybcgie,0.0,0.0,1.0,0.0,Negativ
let s see the bigger picture when omnibus law bill or undang cipta kerja when it s executed then j investor asing nyata resah kesah uu cipta kerja kompas com line today today line me id v article linetoday kompascom,0.0,0.0,1.0,0.0,Negativ
live focus group discussion pusat kaji analisis data tanggal sabtu oktober sd wib tema lintas elemen tolak uu omnibus law cipta kerja,0.0,0.0,1.0,0.0,Negativ
live focus group discussion pusat kaji analisis data tanggal sabtu oktober sd wib tema lintas elemen tolak uu omnibus law cipta kerja bicara kh dr nadjamuddin ramly wakil sekjen,0.0,0.0,1.0,0.0,Negativ
loh tuju omnibus law uu cipta kerja buat izin usaha sederhana regulasi tumpang tindih hilang praktik pungli korupsi disikatspy investor dlm negeri tarik tanam modal indonesia dgn demikianakan buka lap kerja yg lbh luas,0.0,0.0,1.0,0.0,Negativ
longmarch buruh bandung jakarta ayo buruh satu hancur tirani tindas mari hapus uu omnibuslaw cipta lapang kerja vt tiktok com zsrmmeacy k,0.0,0.0,1.0,0.0,Negativ
lu ijazah sma blg benny k harman tolak baca berita fraksi dpr tuju omnimbuslaw kupang jga aksi demo tolak ruu cipta kerja kalo bodok jg tllu pamer kwn katakantidakpadademokrat omnibuslaw kupang,0.0,0.0,1.0,0.0,Negativ
lurus hoax omnibus law ruu cipta kerja sumber,0.0,0.231,0.769,-0.2732,Negativ
mahkamah konstitusi gelar sidang perdana uji formil aju partai buruh omnibus law uu cipta kerja lawan jalur litigasi lengkap aksi parlemen jalan,0.0,0.0,1.0,0.0,Negativ
malam minggu ujan selimut baca tarik salah kaprah omnibus law cipta kerja pacu investasi faisalbasri com sal via,0.0,0.0,1.0,0.0,Negativ
malam webinar ttg uu cipta kerja bareng gubernur idola uda nyimak sila gabung ya lawanhoax omnibuslaw,0.0,0.0,1.0,0.0,Negativ
mampir diskus omnibus law ruu cipta kerja siksa buruh youtu be yrgvxcota,0.0,0.0,1.0,0.0,Negativ
manfaat uu cipta kerja masyarakat omnibuslaw,0.0,0.0,1.0,0.0,Negativ
manfaat uu cipta kerja sektor telekomunikasi tahu uuciptakerja omnibuslaw manfaatciptakerja,0.0,0.0,1.0,0.0,Negativ
mantap polisi tangkap sebar hoaks draft omnibus law ruu cipta kerja liput com news read,0.0,0.0,1.0,0.0,Negativ
marak omnibus law dunia akan omnibus law sejahtera masarakat ka sejahtera perintah acu tolak sebab tangan putus cipta kerja sengaja nikmat hah solusi,0.0,0.0,1.0,0.0,Negativ
mari diskus omnibus law ruu cipta kerja siksa buruh youtu be yrgvxcota,0.0,0.0,1.0,0.0,Negativ
mari diskusi omnibus law ruu cipta kerja siksa buruh youtu be yrgvxcota omnibuslaw ruuciptakerja,0.0,0.0,1.0,0.0,Negativ
mari simak omnibuslaw ruuciptakerja omnibus law ruu cipta kerja siksa buruh youtu be yrgvxcota mari diskus,0.0,0.0,1.0,0.0,Negativ
massa aksi hadir berangkat resah masyarakat akibat kesah ruu cipta kerja pribadi baca inti omnibus law esensi akademis nya hilang,0.0,0.0,1.0,0.0,Negativ
massa mahasiswa patung kuda jakarta pusat patung kuda gelar aksi tolak omnibus law uu cipta kerja foto ari saputra detikcom infobalaraja jakarta indonesia instagram com p cgvwyspmar,0.0,0.0,1.0,0.0,Negativ
massa pimpin organisir kuat militansi teguh hati juang batal omnibus law cipta kerja batalkanomnibuslaw cabutomnibuslaw reformasidikorupsi mositidakpercaya,0.0,0.0,1.0,0.0,Negativ
masyarakat indonesia tolak ruu omnibus law cipta lapang kerja sign the petition chng it mjggsd,0.0,0.0,1.0,0.0,Negativ
masyarakat indonesia tolak ruu omnibus law cipta lapang kerja tandatangani petisi chng it bjqtjqx via,0.0,0.0,1.0,0.0,Negativ
masyarakat indonesia tolak ruu omnibus law cipta lapang kerja tandatangani petisi chng it cgfpzm,0.0,0.0,1.0,0.0,Negativ
masyarakat indonesia tolak ruu omnibus law cipta lapang kerja tandatangani petisi chng it cqyhnly,0.0,0.0,1.0,0.0,Negativ
masyarakat indonesia tolak ruu omnibus law cipta lapang kerja tandatangani petisi chng it fcvrftnk,0.0,0.0,1.0,0.0,Negativ
masyarakat indonesia tolak ruu omnibus law cipta lapang kerja tandatangani petisi chng it hpnylfx via,0.0,0.0,1.0,0.0,Negativ
masyarakat indonesia tolak ruu omnibus law cipta lapang kerja tandatangani petisi chng it hsrwrny,0.0,0.0,1.0,0.0,Negativ
masyarakat indonesia tolak ruu omnibus law cipta lapang kerja tandatangani petisi chng it hvmvflyq,0.0,0.0,1.0,0.0,Negativ
masyarakat indonesia tolak ruu omnibus law cipta lapang kerja tandatangani petisi chng it jgffdkt,0.0,0.0,1.0,0.0,Negativ
masyarakat indonesia tolak ruu omnibus law cipta lapang kerja tandatangani petisi chng it jgwdp,0.0,0.0,1.0,0.0,Negativ
masyarakat indonesia tolak ruu omnibus law cipta lapang kerja tandatangani petisi chng it knzgvc,0.0,0.0,1.0,0.0,Negativ
masyarakat indonesia tolak ruu omnibus law cipta lapang kerja tandatangani petisi chng it krsgbddt,0.0,0.0,1.0,0.0,Negativ
masyarakat indonesia tolak ruu omnibus law cipta lapang kerja tandatangani petisi chng it kyzztt,0.0,0.0,1.0,0.0,Negativ
masyarakat indonesia tolak ruu omnibus law cipta lapang kerja tandatangani petisi chng it mgqzvbwv,0.0,0.0,1.0,0.0,Negativ
masyarakat indonesia tolak ruu omnibus law cipta lapang kerja tandatangani petisi chng it mgyqlhrh,0.0,0.0,1.0,0.0,Negativ
masyarakat indonesia tolak ruu omnibus law cipta lapang kerja tandatangani petisi chng it mqgvn,0.0,0.0,1.0,0.0,Negativ
masyarakat indonesia tolak ruu omnibus law cipta lapang kerja tandatangani petisi chng it mtsckjw,0.0,0.0,1.0,0.0,Negativ
masyarakat indonesia tolak ruu omnibus law cipta lapang kerja tandatangani petisi chng it nwckf via,0.0,0.0,1.0,0.0,Negativ
masyarakat indonesia tolak ruu omnibus law cipta lapang kerja tandatangani petisi chng it pnprybh,0.0,0.0,1.0,0.0,Negativ
masyarakat indonesia tolak ruu omnibus law cipta lapang kerja tandatangani petisi chng it qtdqp via,0.0,0.0,1.0,0.0,Negativ
masyarakat indonesia tolak ruu omnibus law cipta lapang kerja tandatangani petisi chng it rdgppfxt,0.0,0.0,1.0,0.0,Negativ
masyarakat indonesia tolak ruu omnibus law cipta lapang kerja tandatangani petisi chng it rjkxv,0.0,0.0,1.0,0.0,Negativ
masyarakat indonesia tolak ruu omnibus law cipta lapang kerja tandatangani petisi chng it rrrdhgd via,0.0,0.0,1.0,0.0,Negativ
masyarakat indonesia tolak ruu omnibus law cipta lapang kerja tandatangani petisi chng it vwzyxq,0.0,0.0,1.0,0.0,Negativ
masyarakat indonesia tolak ruu omnibus law cipta lapang kerja tandatangani petisi chng it xjcmnqq,0.0,0.0,1.0,0.0,Negativ
masyarakat indonesia tolak ruu omnibus law cipta lapang kerja tandatangani petisi chng it yxcrpx via,0.0,0.0,1.0,0.0,Negativ
masyarakat indonesia tolak ruu omnibus law cipta lapang kerja tandatangani petisi chng it yxfwcvht,0.0,0.0,1.0,0.0,Negativ
masyarakat indonesia tolak ruu omnibus law cipta lapang kerja tandatangani petisi chng it ztvqwbmz,0.0,0.0,1.0,0.0,Negativ
masyarakat indonesia tolak ruu omnibus law cipta lapang kerja tandatangani petisi chng it zwnlyxhp via,0.0,0.0,1.0,0.0,Negativ
merjuangin jr omnibus law uu cipta kerja,0.0,0.0,1.0,0.0,Negativ
microfon mati pimpin dpr gimana rakyat matikanmikrofondpr ruu omnibuslaw cipta kerja,0.0,0.0,1.0,0.0,Negativ
minggu aksi massa lopor aliansi mahasiswa paser serentak indonesia tolak sah uu cipta kerja omnibus law,0.0,0.0,1.0,0.0,Negativ
mogok nasional lengser presiden nya yg syah omnibus law cipta kerja jokowibencanabagirakyat jokowibencanabagirakyat,0.0,0.0,1.0,0.0,Negativ
mogok nasional oktober tolak uu omnibuslaw cipta kerja batalkanomnibuslaw tolakomnibuslaw omnibuslaw mositidakpercaya dprrikhianatirakyat indonesia didingsudrajat,0.0,0.0,1.0,0.0,Negativ
mohon tanda tangan petisi tolak ruu omnibus law cipta lapang kerja mositidakpercaya tandatangani petisi chng it smtbfsy via,0.0,0.0,1.0,0.0,Negativ
mosi percaya tolak ruu omnibus law cipta lapang kerja mositidakpercaya tandatangani petisi chng it mcrrckfx,0.0,0.0,1.0,0.0,Negativ
nama uu nya aja cipta lapang kerja udah bandul regulasi condong mana omnibuslaw,0.0,0.0,1.0,0.0,Negativ
news detik com berita d- awi rangkai tangkap oktober hasil orang tangkap kait demonstrasi tolak omnibus law uu cipta kerja,0.0,0.0,1.0,0.0,Negativ
news detik com berita d- halaman naskah final omnibus law uu cipta kerja ubah halaman konfirmasi sekjen dpr indra iskandar,0.0,0.0,1.0,0.0,Negativ
news detik com berita d- halaman naskah omnibus law uu cipta kerja ubah pimpin dpr proses editing format tulis,0.0,0.0,1.0,0.0,Negativ
news detik com berita d- menhan prabowo subianto tanggap demo omnibus law cipta kerja ujung ricuh prabowo nilai hoax kait omnibus law,0.0,0.091,0.909,-0.2732,Negativ
news detik com berita d- perintah tindak ricuh tengah aksi demonstrasi tolak omnibus law undang uu cipta kerja perintah sikap proses hukum laku,0.0,0.0,1.0,0.0,Negativ
news detik com berita d- polisi tangkap admin akun follower twitter kait demo omnibus law uu cipta kerja ujung ricuh,0.0,0.0,1.0,0.0,Negativ
no comment omnibus law cipta kerja gw ga ilmu bidang gw ga akses kuasa masuk perintah gw percaya ahli hukum organisasi komunitas dalam isu,0.0,0.087,0.913,-0.296,Negativ
nyata sikap bassra tetap undang cipta kerja omnibus law zonainvestigasi com pernyataan-sik,0.0,0.0,1.0,0.0,Negativ
oi bang ayo mampir omnibus law ruu cipta kerja siksa buruh youtu be yrgvxcota,0.0,0.0,1.0,0.0,Negativ
oke lo nyuruh mundur kaltim indonesia tong emang nggak presiden kaltim btw udah baca uu omnibus law cipta kerja jelasin aja isi,0.0,0.0,1.0,0.0,Negativ
omnibus law cipta kerja,0.0,0.0,1.0,0.0,Negativ
omnibus law cipta kerja bijak perintah rugi rakyat langgar ham sistematis unjuk hak warga negara lindung uu no th coba larang halang,0.116,0.088,0.797,0.1779,Positif
omnibus law cipta kerja cepat rusa lingkung jihadpmiimenyala,0.0,0.0,1.0,0.0,Negativ
omnibus law cipta kerja covid sesak rumah sakit,0.0,0.0,1.0,0.0,Negativ
omnibus law cipta kerja hapus hambat investasi ekbis sindonews com read,0.0,0.0,1.0,0.0,Negativ
omnibus law cipta kerja inisiasi undang gabung sederhana undang undang relasi tri perintah daerah instansi bawah kemendagri dampak uu ciptaker,0.0,0.0,1.0,0.0,Negativ
omnibus law cipta kerja isi dampak buruh kompas com tren read,0.0,0.0,1.0,0.0,Negativ
omnibus law cipta kerja kritik habis sah kemarin isi an halaman beneran ud baca habis yg komen kayak udah luar kepala ya,0.0,0.0,1.0,0.0,Negativ
omnibus law cipta kerja masalah susul omnibus law sehat evaluasi anak buah jabat selesai tinggal sejarah jelek jabat stoppembahasanruukesehatan,0.0,0.0,1.0,0.0,Negativ
omnibus law cipta kerja mudah izin umkm,0.0,0.0,1.0,0.0,Negativ
omnibus law cipta kerja perintah ubah rezim tari pajak hasil anut worldwide tax system territorial tax system finansial bisnis com read,0.0,0.0,1.0,0.0,Negativ
omnibus law cipta kerja sapu jagat sektor hidup bangsa negara masyarakat indonesia dampak sektor agraria lingkung kelompok masyarakat adat mari diskusi sekolah agraria dpp gmni dppgmni gmni omnibuslaw,0.0,0.0,1.0,0.0,Negativ
omnibus law ruu cipta kerja siksa buruh youtu be yrgvxcota,0.0,0.0,1.0,0.0,Negativ
omnibus law ruu cipta kerja siksa buruh youtu be yrgvxcota ruuciptakerja omnibuslaw tolakomnisbuslaw,0.0,0.0,1.0,0.0,Negativ
omnibus law ruu cipta kerja siksa buruh youtu be yrgvxcota tolakomnisbuslaw omnibuslaw dprrikhianatirakyat dprkontol ruuciptakerja ruucilaka,0.0,0.0,1.0,0.0,Negativ
omnibus law ruu cipta kerja siksa buruh youtu be yrgvxcota tolakomnisbuslaw omnibuslaw ruuciptakerja,0.0,0.0,1.0,0.0,Negativ
omnibus law undang cipta kerja jalan pancasila uuciptakerja dukunguuciptaker ciptakersejahterakanrakyat ciptakermembangunindonesia,0.0,0.0,1.0,0.0,Negativ
omnibus law undang undang cipta kerja lepas pro kontra sisi undang undang omnibuslawberkah halal indonesia masyarakat dunia,0.0,0.0,1.0,0.0,Negativ
omnibus law uu cipta kerja boleh asing kuasa milik negara landas demokrasi sistem kenal halal haram daulat tangan rakyat manusia sumber tinggi buat bijak,0.0,0.0,1.0,0.0,Negativ
omnibus law uu cipta kerja dorong umkm inovasi digital,0.0,0.0,1.0,0.0,Negativ
omnibus law uu cipta kerja potensi muncul titik macet lintas ugm ac id id berita,0.0,0.0,1.0,0.0,Negativ
omnibus law uu cipta kerja sah ditandatangani proyek reklamasi teluk benoa bal jalan tol bandara bal utara mulus depan let s wait and see,0.0,0.0,1.0,0.0,Negativ
omnibus law uu cipta kerja sah dpr aksi buruh demo sebar daerah jelas presiden jokowi omnibuslaw uuciptakerja jokowiperiode tokohterpopuler com komunitas view,0.0,0.0,1.0,0.0,Negativ
omnibus law uu cipta tenaga kerja rame hoax sebar media sosial fakta uu cipta tenaga kerja,0.0,0.123,0.877,-0.2732,Negativ
omnibuslaw cipta kerja,0.0,0.0,1.0,0.0,Negativ
omnibuslaw cipta kerja langkah mamacu investasi tanah air uuciptakerja dukunguuciptaker ciptakersejahterakanrakyat ciptakermembangunindonesia,0.0,0.0,1.0,0.0,Negativ
omnibuslaw ricuh ciptakerja youtu be kwzh-o suasana tegang aksi tolak uu cipta kerja bandung,0.0,0.0,1.0,0.0,Negativ
omnibuslaw uu cipta kerja karpet merah budak modern diam lawan cabutomnibuslaw batalkanuuciptakerja,0.0,0.0,1.0,0.0,Negativ
omnibuslaw uu cipta kerja tidak sesuai konstitusi uud clear,0.245,0.0,0.755,0.3818,Positif
opsi perppu batal omnibuslaw cipta kerja demo aktivis mahasiswa rakyat aksi massa engk efek tolakuuciptakerjaa hidupmahasiswa dprpengkhianatrakyat gedungdprprovinsibengkulu,0.0,0.0,1.0,0.0,Negativ
paham omnibus law cipta kerja silah download google drive gw drive google com file d jgekp silah baca halaman ya,0.0,0.0,1.0,0.0,Negativ
paham omnibuslaw cipta kerja pemuda nekat baca malam demo al hasil,0.0,0.0,1.0,0.0,Negativ
pake otak gak proff yg batal biden putus presiden bkn undang jd gimana logika uu omnibuslaw cipta kerja yg dpr dgn mudah batal presiden doktor bodoh yg berfikir spt cc,0.0,0.0,1.0,0.0,Negativ
partai buruh juang hak hak politik buruh tani nelayan masyarakat adat negara sejahtera cabut batal uu omnibus law cipta kerja,0.244,0.0,0.756,0.7003,Positif
partai buruh komit konsisten lawan omnibus law uu budak cipta kerja youtu be whvuuqhjxga,0.0,0.0,1.0,0.0,Negativ
partai buruh kspi organisasi serikat buruh sikap perppu omnibuslaw uu cipta kerja video youtube pijar official youtu be snhhqphl s partaiburuh wearetheworkingclass kelaspekerja buruhbersatu omnibuslaw uuciptakerja cabutomnibuslaw cabutuuciptakerja,0.0,0.0,1.0,0.0,Negativ
partai buruh perppu isi batal omnibus law cipta kerja perppu kukuh ada isi perppu cipta celaka partai buruh baris depan tolak perppu partaiburuh,0.0,0.0,1.0,0.0,Negativ
partaiburuh tolak kesah omnibus law uu cipta kerja,0.0,0.0,1.0,0.0,Negativ
pasal uu cipta kerja dukung umkm mudah izin omnibuslaw ciptakerja perijinan izin izinusaha notaris virtualoffice jakarta jogja bandung special region of yogyakarta instagram com p cgjjxumblb,0.101,0.0,0.899,0.4019,Positif
pasca tuju undang cipta kerja uu ciptaker timbul tolak daerah kalang masyarakat buruh mahasiswa perintah tolak minta rakyat deras tolak omnibus law uu cipta kerja seru mengaj,0.0,0.0,1.0,0.0,Negativ
patroli polsek panongan pimpin iptu muslim sihotang sh antisipasi gera buruh rangka tolak kesah ruu omnibus law cipta kerja kawasan industri milenium kec panongan kab tangerang rabu,0.0,0.0,1.0,0.0,Negativ
pb pmii uji materi uu omnibus law cipta kerja mk jihadpmiimenyala,0.0,0.0,1.0,0.0,Negativ
percayajokowi menko polhukam mahfud md perintah proses hukum demonstrasi tolak omnibus law uu cipta kerja tindak anarkis kriminil daerah m antaranews com berita,0.0,0.0,1.0,0.0,Negativ
perihal omnibus law cipta kerja kopri,0.0,0.0,1.0,0.0,Negativ
perintah atas phk resmi omnibus law uu cipta kerja,0.0,0.0,1.0,0.0,Negativ
perintah dpr bohong publik naskah omnibus law halaman yg sdh serah dpr presiden ubah pasal dgn hapus pasal ttg migas uu cipta kerja jd skandal besar perintah yg malu indonesia,0.0,0.0,1.0,0.0,Negativ
perintah gaduh potensi sebab klaster covid dpr ri sah uu omnibus law cipta kerja,0.0,0.0,1.0,0.0,Negativ
perintah memposting uu cipta kerja omnibuslaw uu ketenagakerjaan banding nya biar orang duga duga makan hoaxs,0.0,0.0,1.0,0.0,Negativ
perpu situasi darurat perpu no omnibus law cipta kerja uu nya masalah beda masalah situasi darurat batalkanperpuno,0.0,0.121,0.879,-0.296,Negativ
pesan temen-temen bilang diem-diem aja uu omnibus law cipta kerja pro perintah sing do melu kabeh paham po isu tuntutane opo plis baca,0.0,0.141,0.859,-0.5574,Negativ
peta tarung uu cipta kerja ahmad khozinudin sastrawan politik menang lawan uu zalim omnibus law cipta kerja elemen buruh mahasiswa segenap kaum gera wajib rumus renstra rencana strategis tumpu,0.0,0.0,1.0,0.0,Negativ
pikir mahasiswa dpr sama suka sks sistem kebut malam beda mahasiswa lapor nilai dpr kesah ruu uu cipta kerja omnibus law tuju,0.0,0.0,1.0,0.0,Negativ
polisi sedia logistik demo omnibus law uu cipta kerja jakarta liput com news read,0.0,0.0,1.0,0.0,Negativ
polri selidik mobil pasok makan batu bom molotov rusuh demo omnibus law uu cipta kerja jakarta pmj,0.0,0.0,1.0,0.0,Negativ
polri tetap sangka demo ricuh omnibus law kota polda metro jaya selidik ricuh sela unjuk tolak uu cipta kerja orang tetap sangka,0.0,0.0,1.0,0.0,Negativ
pr jokowi luhut bentuk satgas omnibus law cipta kerja uuciptakerja economy okezone com read,0.0,0.0,1.0,0.0,Negativ
presiden perintah indonesia sederhana mudah regulasi hadir omnibus law undang cipta kerja presidenri go id siaran-pers be,0.0,0.0,1.0,0.0,Negativ
presiden yg visioner hebat jujur cinta rakyat khawatir dg uu cipta kerja omnibuslaw yg bagus penting gan rakyat indonesia dukung sher seluruh pelosok nkri,0.0,0.0,1.0,0.0,Negativ
pribadi tolak ruu omnibus law tolak ruu omnibus law cipta lapang kerja mositidakpercaya chng it mhxtm via,0.0,0.0,1.0,0.0,Negativ
rapat paripurna dpr ri gelar senin kompleks dpr resmi kesah omnibus law rancang undang undang ruu cipta kerja undang undang tolakomnisbuslaw covid covidindonesia m cnnindonesia com nasional,0.0,0.0,1.0,0.0,Negativ
repost co kompasiana com pro kontra omnibus law undang cipta kerja muncul lengkap kompasiana com irfaifadlullah omnibuslaw ciptakerja tenagamedis tenagakesehatan dokter paranormal dukun sehat medis,0.0,0.0,1.0,0.0,Negativ
reposted from deklarasi damai tolak demo anarkis masyarakat kota magelang tempat gedung wanita elemen masyarakat kota magelang gelar deklarasi damai tolak aksi anarkis unjuk omnibus law undang undang cipta kerja senin,0.0,0.0,1.0,0.0,Negativ
resolusi jihad santri tolak omnibus law cipta kerja hidup santri lawan hidup rakyat juang mositidakpercaya cabutomnibuslaw batalkanomnibuslaw santrimenolakomnibuslaw,0.0,0.0,1.0,0.0,Negativ
revisi uu ppp mulus omnibus law hasil uu cipta kerja mudah tahan kaum buruh panjang budak simak youtu be lvtirmebfk bicaralahburuh,0.0,0.0,1.0,0.0,Negativ
ribut omnibus law uu cipta kerja jogetin aja moliendo cafe versi asli kopi dangdut omnibuslaw ciptakerja moliendocafe kopidangdut jogetinaja viralin orisinil hakcipta south jakarta instagram com p cgisfunqof,0.0,0.0,1.0,0.0,Negativ
rindu berat halang rindu cengkerama aksi lawan omnibus law cipta kerja rinduberat rinduaksi cabutomnibuslaw,0.0,0.0,1.0,0.0,Negativ
ruu cenderung berat belah usaha dampak buruk iklim investasi aksi tolak omnibus law rusak hubung industrial uu cipta kerja timbul resah ketidakpastian c shorturl at ogsv,0.0,0.0,1.0,0.0,Negativ
saat krisis kaya gin bisa bkin rakyat miris dpr gagal gagalkanomnibuslaw dpr ri bohong dewanpengkhianatrakyat dpr penghianat dpririkhianatirakyat tolak omnibus law tolakomnisbuslaw tolak ruu cipta kerja tolakruuciptakerja,0.0,0.0,1.0,0.0,Negativ
sah omnibus law cipta kerja aja gw gak sejahtera gimana kalo udah jalan mati buruh,0.0,0.0,1.0,0.0,Negativ
saksi live streaming bincang online kujang priangan tv omnibus law ketok palu untung omnibus law ruu cipta kerja resmi sah rapat paripurna dpr kemarin parlemen aksi tolak kesah ruu i,0.0,0.0,1.0,0.0,Negativ
salah kaprah omnibus law cipta kerja pacu investasi faisalbasri com sal via,0.0,0.0,1.0,0.0,Negativ
salah ubah yg masuk pd pasal ruu omnibus law cipta kerja upah minimum buruh kerja dasar upah minimum provinsi ump dasar upah minimum kabupaten kota umk-sektoral,0.0,0.0,1.0,0.0,Negativ
samarinda tengah aman aksi unjuk tolak sah uu omnibuslaw cipta kerja gedung dprd provinsi kaltim pandang tarik poldakaltim polrestasamarinda polsekkawasanpelabuhansamarinda divisihumaspolri aksidamai,0.0,0.0,1.0,0.0,Negativ
sampe ribut demo aparat tutup yg masalah tolak omnibus law uu cipta kerja rakyat adu domba dprnya santuy santuy aja acan,0.0,0.0,1.0,0.0,Negativ
sampeyan jujur pimpin lihat rakyat bgmn buruh yg terima uu omnibus law cipta kerja suruh gugat mk uji materi sampeyan mabuk jabat ya,0.0,0.0,1.0,0.0,Negativ
sbgts-gsbi pt victory chingluh indonesia tolak keras undang cipta kerja ruu omnibuslaw mimpi buruk kerja buruh buruh tindas usaha perintah,0.0,0.0,1.0,0.0,Negativ
sebenernya bingung ruu cipta kerja omnibuslaw ya liat tl baca seru ngeliat bela hak nya coba paham isi bela bingung arah nya mana faktaomnibuslaw,0.112,0.0,0.888,0.4404,Positif
sebenernya ngga sih dprd daerah ngeluarin surat nyata tolak omnibus law uu cipta kerja mahasiswa masyarakat demo biar ga demo gitu susup oknum bikin fasilitas rusak,0.0,0.0,1.0,0.0,Negativ
selamat merdeka republik indonesia th warga negara hak kerja layak merdeka upah murah merdeka ampas tanah cabut omnibus law cipta kerja tolak rkuhp,0.116,0.0,0.884,0.4404,Positif
selamat pagi selamat aktivitas lurus hoax omnibus law ruu cipta kerja simak fakta atas mari pintar media sosial,0.0,0.11,0.89,-0.2732,Negativ
selasa juta buruh aksi mogok nasional bentuk tolak ruu cipta kerja cianjur infocianjur buruhmogoknasional omnibuslaw,0.0,0.0,1.0,0.0,Negativ
semangat pagi saudara bangsa tanah air indonesia cinta sabang merauke uu cipta kerja omnibus law untung buruh rakyat usaha demo yg demo kerah pks gatot yg kerah,0.0,0.0,1.0,0.0,Negativ
semangat pagi saudara bangsa tanah air indonesia sumpah presiden jokowi presiden yg cinta rakyat tdk aju uu cipta kerja omnibus law rugi rakyat buruh haq,0.0,0.0,1.0,0.0,Negativ
semangat pagi selamat pagi saudara bangsa tanah air uu cipta kerja omnibus law untung buruh kerja knp usaha mem phk karyawan buruh mikir x sangon yg tdk,0.0,0.0,1.0,0.0,Negativ
senin malam kapolresta samarinda dandim smd damping wakil gubernur kalimantan timur temu tanggap aspirasi aksi unjuk tolak ruu omnibuslaw cipta kerja divisihumaspolri poldakaltim polrestasamarinda,0.0,0.0,1.0,0.0,Negativ
serikat buruh dunia turun tangan desak presiden jokowi cabut omnibus law cipta kerja jurnal gaya jurnalgaya pikiran-rakyat com bizz pr-,0.0,0.0,1.0,0.0,Negativ
serius omnibus law ruu cipta kerja siksa buruh youtu be yrgvxcota tolakomnisbuslaw omnibuslaw ruuciptakerja,0.0,0.0,1.0,0.0,Negativ
seru elemen masyarakat gugat kesah ruu omnibuslaw cipta kerja uu cipta kerja masyakat mahasiswabergerak pinrangbersatu bersamajagaindonesia,0.0,0.0,1.0,0.0,Negativ
setia awal gar juang cabut omnibus law uu cipta kerja,0.0,0.0,1.0,0.0,Negativ
sidang lanjut gugat judicial review uu cipta kerja omnibus law gekanas tolakpolitisasiperiode,0.0,0.0,1.0,0.0,Negativ
sidang lanjut uji formil uu cipta kerja omnibus law gekanas koruptorjadikonselor,0.0,0.0,1.0,0.0,Negativ
sikat gigi baca ciptadent cipta kerja wkwkwkwkwk emng racun otak omnibus law,0.0,0.0,1.0,0.0,Negativ
silah follow akun medsos juang kaum buruh bawah tunggu aksi unjuk virtual gagal uu omnibuslaw cipta kerja,0.0,0.0,1.0,0.0,Negativ
sistem hukum nasional anut civil law system ttp pasca laku uu ri no ttg cipta kerja yg bungkus dlm konsep omnibus law gambar republik indonesia tlh terap teori transplantasi hukum terap mix law system,0.0,0.062,0.937,-0.296,Negativ
strategi gua pakai andai gua gua satu mahasiswa gausah cape demo gedung dpr samperin aja anggota dpr ngesahin omnibus law cipta kerja culik anggota dpr sangkut sandra,0.0,0.0,1.0,0.0,Negativ
strategis undang undang cipta kerja baca lengkap siar pers komin fo rilisuuckominfo kabarkominfo omnibuslaw undangundangciptakerja,0.0,0.0,1.0,0.0,Negativ
suara ulama dengar rakyat buruh viva co id berita nasiona kritik keras nu omnibus law cipta kerja tindas rakyat,0.0,0.0,1.0,0.0,Negativ
suasana kini unras jilid ii kait omnibus law cipta kerja jl lambung mangkurat banjarmasin kantor dprd prov kalimantan selatan banjarmasin instagram com p cgwwk wjhvo,0.0,0.0,1.0,0.0,Negativ
suasana kini unras jilid ii kait omnibus law cipta kerja jl lambung mangkurat banjarmasin kantor dprd prov kalimantan selatan banjarmasin instagram com p cgwyj-jsb,0.0,0.0,1.0,0.0,Negativ
sungguh sayang upaya legislasi omnibus law cipta kerja perintah fokus selesai sehat akibat covid gelombang phk intai resesi ekonomi ekonomikhilafahantikrisis islamwujudkanrahmatanlilalamin,0.0,0.0,1.0,0.0,Negativ
tangan sehat dpr perintah hasil selesai uu cipta kerja omnibus law indonesia pilar utama reformasi struktural negara indonesia tangguh indonesia tumbuh pidatopresiden,0.0,0.0,1.0,0.0,Negativ
tarik prof politis mungkin terbit perpu khusus mudah investasi tolak publik kencang omnibus law cipta kerja bentuk nilai ugal-ugalan,0.0,0.0,1.0,0.0,Negativ
taruh uu cipta kerja buzzerrp tani tolak omnibus law mositidakpercayadprri mositidakpercayajokowi petanitolakomnibuslaw tanahuntukrakyatbukaninvestor,0.0,0.0,1.0,0.0,Negativ
tau tolak ruu omnibus law cipta lapang kerja mositidakpercaya tandatangani petisi chng it qynmcd,0.0,0.0,1.0,0.0,Negativ
teken gak teken presiden omnibus law cipta kerja sah wajib undang tuju tolak pintu perpu legislative review jr mk,0.0,0.0,1.0,0.0,Negativ
teliti saiful mujani research and consulting smrc saidiman ahmad nilai undang omnibus law cipta kerja juang presiden jokowi bentuk lawan oligarki akar sistem usaha indonesia,0.0,0.0,1.0,0.0,Negativ
temu massa demo markarius anwar pks konsisten tolak ruu omnibus law cipta kerja pks id content temui- batalkanciptaker,0.0,0.0,1.0,0.0,Negativ
terap omnibus law cipta kerja nilai positif oleh salah satu dukung cepat transformasi digital cipta lapang kerja sektor komunikasi informatika omnibuslawdemokrasiinformasi bumnuntukindonesia,0.0,0.0,1.0,0.0,Negativ
terap omnibus law cipta kerja nilai positif salah nya dukung cepat transformasi digital cipta lapang kerja sektor kominfo omnibuslawdemokrasiinformasi,0.0,0.0,1.0,0.0,Negativ
terima kasih omnibus law cipta kerja,0.0,0.0,1.0,0.0,Negativ
terima upah buruh buruh kerja aspirasi mayday buruh internasional sesuai konstitusi uud perintah jawab keluar uu omnibuslaw cipta kerja yg isi miskin nasib buruh indonesia,0.0,0.0,1.0,0.0,Negativ
tidur ga nyenyak gara gara omnibus law cipta kerja sahkan dpr ya allah wni gin ya,0.0,0.0,1.0,0.0,Negativ
tim kaji masyarakat sipil tata kelola sumber daya alam terbit nawala lestari volume isu bahas terbit kait tata kelola sumber daya alam lingkung uu omnibus law cipta kerja,0.0,0.0,1.0,0.0,Negativ
tolak omnibus law batal uu cipta kerja,0.0,0.0,1.0,0.0,Negativ
tolak ruu omnibus law cipta lapang kerja mositidakpercaya jetzt unterschreiben chng it nwkgbyn via,0.0,0.0,1.0,0.0,Negativ
tolak ruu omnibus law cipta lapang kerja mositidakpercaya sign the petition chng it qmpvtnrq via,0.0,0.0,1.0,0.0,Negativ
tolak ruu omnibus law cipta lapang kerja mositidakpercaya sign the petition chng it wtcpyjs via,0.0,0.0,1.0,0.0,Negativ
tolak ruu omnibus law cipta lapang kerja mositidakpercaya tandatangani petisi chng it bbwjhft,0.0,0.0,1.0,0.0,Negativ
tolak ruu omnibus law cipta lapang kerja mositidakpercaya tandatangani petisi chng it bcpxbmzm,0.0,0.0,1.0,0.0,Negativ
tolak ruu omnibus law cipta lapang kerja mositidakpercaya tandatangani petisi chng it bdwsccs,0.0,0.0,1.0,0.0,Negativ
tolak ruu omnibus law cipta lapang kerja mositidakpercaya tandatangani petisi chng it bjlnscbh,0.0,0.0,1.0,0.0,Negativ
tolak ruu omnibus law cipta lapang kerja mositidakpercaya tandatangani petisi chng it brnsqsm omnibuslawsampah batalkanomnibuslaw jegalsampaibatal banyumastolakomnibuslaw batalkanruuciptakerja,0.0,0.0,1.0,0.0,Negativ
tolak ruu omnibus law cipta lapang kerja mositidakpercaya tandatangani petisi chng it cdnfjwtf,0.0,0.0,1.0,0.0,Negativ
tolak ruu omnibus law cipta lapang kerja mositidakpercaya tandatangani petisi chng it cvgcmt,0.0,0.0,1.0,0.0,Negativ
tolak ruu omnibus law cipta lapang kerja mositidakpercaya tandatangani petisi chng it cxcryxj via,0.0,0.0,1.0,0.0,Negativ
tolak ruu omnibus law cipta lapang kerja mositidakpercaya tandatangani petisi chng it cxzqzcgp,0.0,0.0,1.0,0.0,Negativ
tolak ruu omnibus law cipta lapang kerja mositidakpercaya tandatangani petisi chng it djgkznnt,0.0,0.0,1.0,0.0,Negativ
tolak ruu omnibus law cipta lapang kerja mositidakpercaya tandatangani petisi chng it dnyhtdts,0.0,0.0,1.0,0.0,Negativ
tolak ruu omnibus law cipta lapang kerja mositidakpercaya tandatangani petisi chng it dtbdmjqs via,0.0,0.0,1.0,0.0,Negativ
tolak ruu omnibus law cipta lapang kerja mositidakpercaya tandatangani petisi chng it dtgjfjw,0.0,0.0,1.0,0.0,Negativ
tolak ruu omnibus law cipta lapang kerja mositidakpercaya tandatangani petisi chng it dxgrbdb,0.0,0.0,1.0,0.0,Negativ
tolak ruu omnibus law cipta lapang kerja mositidakpercaya tandatangani petisi chng it fbdwwhzw via,0.0,0.0,1.0,0.0,Negativ
tolak ruu omnibus law cipta lapang kerja mositidakpercaya tandatangani petisi chng it fnftzcd via,0.0,0.0,1.0,0.0,Negativ
tolak ruu omnibus law cipta lapang kerja mositidakpercaya tandatangani petisi chng it fsxmqxm,0.0,0.0,1.0,0.0,Negativ
tolak ruu omnibus law cipta lapang kerja mositidakpercaya tandatangani petisi chng it gblfrx,0.0,0.0,1.0,0.0,Negativ
tolak ruu omnibus law cipta lapang kerja mositidakpercaya tandatangani petisi chng it gckvdcpg,0.0,0.0,1.0,0.0,Negativ
tolak ruu omnibus law cipta lapang kerja mositidakpercaya tandatangani petisi chng it gqdny,0.0,0.0,1.0,0.0,Negativ
tolak ruu omnibus law cipta lapang kerja mositidakpercaya tandatangani petisi chng it gqwrdrr,0.0,0.0,1.0,0.0,Negativ
tolak ruu omnibus law cipta lapang kerja mositidakpercaya tandatangani petisi chng it gxchkz,0.0,0.0,1.0,0.0,Negativ
tolak ruu omnibus law cipta lapang kerja mositidakpercaya tandatangani petisi chng it hdrptd,0.0,0.0,1.0,0.0,Negativ
tolak ruu omnibus law cipta lapang kerja mositidakpercaya tandatangani petisi chng it hjggnx,0.0,0.0,1.0,0.0,Negativ
tolak ruu omnibus law cipta lapang kerja mositidakpercaya tandatangani petisi chng it hlyfgm,0.0,0.0,1.0,0.0,Negativ
tolak ruu omnibus law cipta lapang kerja mositidakpercaya tandatangani petisi chng it hmtvjcc,0.0,0.0,1.0,0.0,Negativ
tolak ruu omnibus law cipta lapang kerja mositidakpercaya tandatangani petisi chng it hmyvzbjj via,0.0,0.0,1.0,0.0,Negativ
tolak ruu omnibus law cipta lapang kerja mositidakpercaya tandatangani petisi chng it hzfgfy via,0.0,0.0,1.0,0.0,Negativ
tolak ruu omnibus law cipta lapang kerja mositidakpercaya tandatangani petisi chng it jqwlpj,0.0,0.0,1.0,0.0,Negativ
tolak ruu omnibus law cipta lapang kerja mositidakpercaya tandatangani petisi chng it jrtspfkz via,0.0,0.0,1.0,0.0,Negativ
tolak ruu omnibus law cipta lapang kerja mositidakpercaya tandatangani petisi chng it lyqbspdp,0.0,0.0,1.0,0.0,Negativ
tolak ruu omnibus law cipta lapang kerja mositidakpercaya tandatangani petisi chng it lzqwv via,0.0,0.0,1.0,0.0,Negativ
tolak ruu omnibus law cipta lapang kerja mositidakpercaya tandatangani petisi chng it mkggphn via,0.0,0.0,1.0,0.0,Negativ
tolak ruu omnibus law cipta lapang kerja mositidakpercaya tandatangani petisi chng it mmbtlbyp,0.0,0.0,1.0,0.0,Negativ
tolak ruu omnibus law cipta lapang kerja mositidakpercaya tandatangani petisi chng it mxlx,0.0,0.0,1.0,0.0,Negativ
tolak ruu omnibus law cipta lapang kerja mositidakpercaya tandatangani petisi chng it ndjbzjj,0.0,0.0,1.0,0.0,Negativ
tolak ruu omnibus law cipta lapang kerja mositidakpercaya tandatangani petisi chng it nprpsw,0.0,0.0,1.0,0.0,Negativ
tolak ruu omnibus law cipta lapang kerja mositidakpercaya tandatangani petisi chng it nslmhkr,0.0,0.0,1.0,0.0,Negativ
tolak ruu omnibus law cipta lapang kerja mositidakpercaya tandatangani petisi chng it nsrxvk,0.0,0.0,1.0,0.0,Negativ
tolak ruu omnibus law cipta lapang kerja mositidakpercaya tandatangani petisi chng it nsxvyw via,0.0,0.0,1.0,0.0,Negativ
tolak ruu omnibus law cipta lapang kerja mositidakpercaya tandatangani petisi chng it nxgbwr via,0.0,0.0,1.0,0.0,Negativ
tolak ruu omnibus law cipta lapang kerja mositidakpercaya tandatangani petisi chng it pnzgxbm via omnibuslawsampah dprrikhianatirakyat,0.0,0.0,1.0,0.0,Negativ
tolak ruu omnibus law cipta lapang kerja mositidakpercaya tandatangani petisi chng it pxwsjv via,0.0,0.0,1.0,0.0,Negativ
tolak ruu omnibus law cipta lapang kerja mositidakpercaya tandatangani petisi chng it qyfmdqv,0.0,0.0,1.0,0.0,Negativ
tolak ruu omnibus law cipta lapang kerja mositidakpercaya tandatangani petisi chng it qyrrsrtv,0.0,0.0,1.0,0.0,Negativ
tolak ruu omnibus law cipta lapang kerja mositidakpercaya tandatangani petisi chng it rlclgfrv,0.0,0.0,1.0,0.0,Negativ
tolak ruu omnibus law cipta lapang kerja mositidakpercaya tandatangani petisi chng it rrgvcjp,0.0,0.0,1.0,0.0,Negativ
tolak ruu omnibus law cipta lapang kerja mositidakpercaya tandatangani petisi chng it sfcspqq,0.0,0.0,1.0,0.0,Negativ
tolak ruu omnibus law cipta lapang kerja mositidakpercaya tandatangani petisi chng it stvdpsqk via dpririkhianatirakyat dprpenghianat dprrikhianatirakyatdpr,0.0,0.0,1.0,0.0,Negativ
tolak ruu omnibus law cipta lapang kerja mositidakpercaya tandatangani petisi chng it szpzpsy,0.0,0.0,1.0,0.0,Negativ
tolak ruu omnibus law cipta lapang kerja mositidakpercaya tandatangani petisi chng it tfhlrjtc,0.0,0.0,1.0,0.0,Negativ
tolak ruu omnibus law cipta lapang kerja mositidakpercaya tandatangani petisi chng it thqzjnlx,0.0,0.0,1.0,0.0,Negativ
tolak ruu omnibus law cipta lapang kerja mositidakpercaya tandatangani petisi chng it tltcjzm dprkontol dagelanalarezim dprgoblok dewanpengkhianatrakyat dpririkhianatirakyat dprjancok,0.0,0.0,1.0,0.0,Negativ
tolak ruu omnibus law cipta lapang kerja mositidakpercaya tandatangani petisi chng it tvxtznw,0.0,0.0,1.0,0.0,Negativ
tolak ruu omnibus law cipta lapang kerja mositidakpercaya tandatangani petisi chng it twdnmx,0.0,0.0,1.0,0.0,Negativ
tolak ruu omnibus law cipta lapang kerja mositidakpercaya tandatangani petisi chng it vqkjytv,0.0,0.0,1.0,0.0,Negativ
tolak ruu omnibus law cipta lapang kerja mositidakpercaya tandatangani petisi chng it xmzzfrzn,0.0,0.0,1.0,0.0,Negativ
tolak ruu omnibus law cipta lapang kerja mositidakpercaya tandatangani petisi chng it xpgrjqzp,0.0,0.0,1.0,0.0,Negativ
tolak ruu omnibus law cipta lapang kerja mositidakpercaya tandatangani petisi chng it xsmfhm,0.0,0.0,1.0,0.0,Negativ
tolak ruu omnibus law cipta lapang kerja mositidakpercaya tandatangani petisi chng it xzkprgsn,0.0,0.0,1.0,0.0,Negativ
tolak ruu omnibus law cipta lapang kerja mositidakpercaya tandatangani petisi chng it xzqcpqq,0.0,0.0,1.0,0.0,Negativ
tolak ruu omnibus law cipta lapang kerja mositidakpercaya tandatangani petisi chng it ythwryy via,0.0,0.0,1.0,0.0,Negativ
tolak ruu omnibus law cipta lapang kerja mositidakpercaya tandatangani petisi chng it zctvvxq,0.0,0.0,1.0,0.0,Negativ
tolak ruu omnibus law cipta lapang kerja mositidakpercaya tandatangani petisi chng it zqddsw,0.0,0.0,1.0,0.0,Negativ
tolak ruu omnibus law cipta lapang kerja mositidakpercaya tandatangani petisi chng it ztmjy,0.0,0.0,1.0,0.0,Negativ
tolak ruu omnibus law cipta lapang kerja mositidakpercaya tandatangani petisi chng it zvstgxg,0.0,0.0,1.0,0.0,Negativ
tolak ruu omnibus law cipta lapang kerja mositidakpercaya tandatangani petisi chng it zxwvjl,0.0,0.0,1.0,0.0,Negativ
tolak ruu omnibuslaw cipta kerja yg garap upah yg terima sesuai yg kerja laku yg harap omnibuslaw ruuciptakerja dprri buruh buruhmenggugat,0.0,0.0,1.0,0.0,Negativ
tuju mahasiswa aksi aspirasi depan muka dprd bentuk tolak uu cipta kerja omnibus law malu salah figur komitmen tindak luar fokus,0.0,0.0,1.0,0.0,Negativ
tuntut gera buruh rakyat aksi oktober tolak naik harga bbm turun harga butuh pokok cabut omnibus law undang nomor cipta kerja nyata inkonstitusional serta pp turunanya,0.0,0.0,1.0,0.0,Negativ
twitter com tirtoid status bli cacat omnibus law cipta kerja uu nya rumus gak luput cacat silah sanggah,0.0,0.0,1.0,0.0,Negativ
undang uu omnibus law cipta kerja mutlak izin atur tumpang tindih kerap kali alir modal asing sulit masuk indonesia barisanprokerja investasikembangkanindustri economy okezone com read,0.0,0.0,1.0,0.0,Negativ
undang uu omnibus law cipta kerja polemik sah dpr agam dapat tanggap tolak aksi unjuk uu omnibus law mana ironi saat aparat sigap tangkap aktif,0.0,0.0,1.0,0.0,Negativ
unjuk kait ruu cipta kerja omnibus law demi kaya gin massa menjadi-jadidan timbul klaster sprt klaster keluargajuga buruh tuntut adil ceritasarah instagram com p cgbdqnh pn,0.0,0.0,1.0,0.0,Negativ
untung balik omnibuslaw cipta kerja,0.0,0.0,1.0,0.0,Negativ
untung omnibus law undang cipta kerja bidang twk kpk sah,0.0,0.0,1.0,0.0,Negativ
upah karawang fspmi karawang gruduk pemda karawang aksi tuntut aksi naik umk umsk laku umsk cabut omnibus law uu cipta kerja pkb omnibus law,0.0,0.0,1.0,0.0,Negativ
uu cipta kerja akanggendang uuciptakerja omnibuslaw omnibuslawindonesia jakarta indonesia instagram com p cgbflqhu,0.0,0.0,1.0,0.0,Negativ
uu cipta kerja cipta lapang kerja yg luas bangsa omnibuslaw,0.0,0.0,1.0,0.0,Negativ
uu cipta kerja dampak signifikan usaha investasi omnibuslaw,0.0,0.0,1.0,0.0,Negativ
uu cipta kerja dukung cegah berantas korupsi doain aja moga uu omnibus law ciptaker lapang kerja buka regulasicepatumkmsejahtera uuciptakerja omnibuslawuntukrakyat,0.0,0.0,1.0,0.0,Negativ
uu cipta kerja omnibus law tdk pihak rakyat knp bnyk investor yg ngantri investasi nkri berat bagus bnyak investor yg masuk nkri limpah lowong kerja anggur turun drastis,0.0,0.0,1.0,0.0,Negativ
uu cipta kerja omnibuslaw,0.0,0.0,1.0,0.0,Negativ
uu cipta kerja omnibuslaw upaya perintah indonesia tingkat sejahtera kaum buruh,0.0,0.0,1.0,0.0,Negativ
uu cipta kerja ruu omnibuslaw gue phk sang kerja thn omnibu omnibus aje peraturanye bgst,0.0,0.0,1.0,0.0,Negativ
uu cipta kerja sah dpr pasal isu hoax omnibuslawsampah omnibuslaw omnibuslawrugikanrakyat omnibuslawtekanhakburuh omnibuslawindonesia tokohterpopuler com komunitas view,0.0,0.116,0.884,-0.2732,Negativ
uu cipta kerja teknik omnibuslaw janji utama kampanye capres ri regulasi cakup subyek utk simpang norma atur kamifpisampahnkri,0.0,0.0,1.0,0.0,Negativ
uu cipta kerja upaya perintah tingkat sejahtera kaum buruh uuciptakerja omnibuslaw ciptakerja,0.0,0.0,1.0,0.0,Negativ
uu omnibus law cipta kerja bentuk dzolim buruh hmmm tiati doa org susah didenget tuhan,0.0,0.191,0.809,-0.5106,Negativ
uu omnibus law cipta kerja perintah sahkan hapus tentu luas kawasan hutan tahan minimal luas daerah alir sungai pulau tolakomnibuslaw,0.0,0.0,1.0,0.0,Negativ
wakil gebrak undang masuk audiensi komisi vii dpr ri desa presiden cabut perppu cipta kerja dpr tuju perppu cipta kerja presiden dpr cabut omnibus law ck,0.0,0.0,1.0,0.0,Negativ
warga tiktok penuh gaya gokil abis demo tolak omnibus law cipta kerja youtu be -nggwwzy,0.0,0.0,1.0,0.0,Negativ
waspada hoax putar omnibus law uu cipta kerja,0.0,0.231,0.769,-0.2732,Negativ
webinar bidang ketenagakerjaan dpp pks tema prahara omnibuslaw cipta kerja upah nara sumber iswan abdullah me vice president kspi bidang upah indra sh mh wakabidnaker dpp pks sambut h m martri agoeng sh kabidnaker dpp pks,0.0,0.0,1.0,0.0,Negativ
webinar uu cipta kerja uu ck apindo gue nangkep things or two about omnibus law uu ck gue nunggu dikirimin materi konfirm yg gue tangkep i m not really into law things yg draft laku ratifikasi presiden,0.0,0.0,1.0,0.0,Negativ
wib aksi tolak omnibus law cipta kerja kota bandar lampung rn,0.0,0.0,1.0,0.0,Negativ
wow omnibus law uu sektoral gugur pihak uu cipta kerja kandas mk gugat aju ajar mahasiswa karyawan klik baca nasional kompas com read,0.147,0.0,0.853,0.5859,Positif
ya allah lindung rakyat indonesia dr pimpin yg dzolimm aamiin dpr gagal gagalkanomnibuslaw dpr ri bohong dewanpengkhianatrakyat dpr penghianat dpririkhianatirakyat tolak omnibus law tolakomnisbuslaw tolak ruu cipta kerja tolakruuciptakerja,0.0,0.0,1.0,0.0,Negativ
yakin pikir laku psbb tahap alih isu kesah ruu omnibus law cipta kerja uu sendat alias lancar alas kerumun psbb,0.0,0.1,0.9,-0.2732,Negativ
yg anarki dg tugas yg pukul tindak biadab news detik com berita d- menko polhukam mahfud md perintah tindak demonstran anarkis rusuh demo omnibus law uu cipta kerja,0.0,0.0,1.0,0.0,Negativ
yg jg mengkawatirkan khilafah radikalisme n perda syariah tdk blh sy uu cipta kerja jg omnibus law utk perda syariah itu krn stlh ahok politisasi agama bidang smakin takut n ancam utuh nkri,0.0,0.0,1.0,0.0,Negativ
yth presiden bicara akan undang undang cipta kerja omnibuslaw bangsa indonesia bodoh bodoh rakyat penting asing gakpercayarezimlagi tolakuuciptakerja tolakomnibuslaw saatnyajokowiturun,0.0,0.0,1.0,0.0,Negativ
yuk diskusi omnibus law ruu cipta kerja siksa buruh youtu be yrgvxcota omnibuslaw ruuciptakerja tolakomnisbuslaw tolakruuciptakerja dprkontol,0.0,0.0,1.0,0.0,Negativ
